filename,gmsd_sece,gmsd_secedct,gmsd_ghe,gmsd_clahe
100007.jpg,0.18739121713128337,0.31629805347944084,0.2214705660116332,0.08383276545144494
100039.jpg,0.09106777657764781,0.24171238434719075,0.10105816262602299,0.07966331852031748
100099.jpg,0.11411481834788115,0.24538383124716098,0.11007377316571251,0.07852078231379803
10081.jpg,0.14008919120040172,0.2748998699446119,0.14980920923071644,0.0749551108821383
101027.jpg,0.0976383375228575,0.2567382965039199,0.133057863029089,0.09244621780121272
101084.jpg,0.09206622068911235,0.25608977023260154,0.10103454237730147,0.07787493558606835
102062.jpg,0.090926210215496,0.24979710974421482,0.10544651113547247,0.08751372929857966
103006.jpg,0.05244860191789639,0.2133410035918447,0.07488573867982895,0.07014908939571524
103029.jpg,0.1731347022383434,0.2712465657485533,0.17444748097675167,0.08512564557161051
103078.jpg,0.07979862867307347,0.2497928057255853,0.1000883971899633,0.08538437606517056
104010.jpg,0.16470581179147178,0.2525744460630511,0.17664192374958737,0.08471620644826325
104055.jpg,0.142998607598617,0.2582778292116922,0.15657791475852748,0.08494204885752407
105027.jpg,0.1854639771849151,0.2590619525396989,0.19931337946177463,0.08487787730766215
106005.jpg,0.061861991836114474,0.20878960981666567,0.0621612231921668,0.06336669496759552
106047.jpg,0.11075143353949743,0.23006557359458005,0.11680760584743057,0.06966019342019933
107014.jpg,0.13267797426353503,0.2581476879536526,0.13666870335050754,0.08579848102679762
107045.jpg,0.11984374039463692,0.24712040290549747,0.12063758706648468,0.08116893331551833
107072.jpg,0.06267869944611934,0.22341261184343558,0.06598446075371538,0.08083772080741031
108004.jpg,0.15013551228367708,0.2440118920422202,0.1624320033037285,0.08025734618828184
108036.jpg,0.13823450868974374,0.25860464434623676,0.1610694902597673,0.0844012640382752
108069.jpg,0.12878280899341596,0.260853569902556,0.14755246633002064,0.08065808788817311
109055.jpg,0.15865097775712864,0.26270729651700264,0.17335441299598545,0.07705620762444583
112056.jpg,0.16975921206800998,0.286214745080185,0.17590078331048775,0.08370824789347502
112090.jpg,0.06877000130936613,0.21798103820980455,0.06954623735901307,0.07396775826670433
117025.jpg,0.0688692867852782,0.24000183015496523,0.06880887314101221,0.08493795017880047
118015.jpg,0.07749121223440002,0.2552910691165422,0.10205282746550848,0.07353153150004586
118031.jpg,0.08679597404364156,0.26187340987216706,0.10055550903838754,0.0858888860564229
118072.jpg,0.08723934087850405,0.2182130307959826,0.16085440889664834,0.08605776321880731
120003.jpg,0.049203270756229704,0.20064887761856942,0.1171821473124704,0.06311890688560728
120093.jpg,0.04964690613312472,0.22265703717771435,0.10264035212480963,0.06558083562922833
123057.jpg,0.0782843559695008,0.2326313454558329,0.08344689720391234,0.07754512415472685
128035.jpg,0.07182498391961957,0.24018218825294838,0.06756107074142022,0.07518814273696463
130014.jpg,0.17825095492479726,0.2952423716169756,0.18574692448158797,0.09130668345966447
130066.jpg,0.07763569574087802,0.25613351325873224,0.07920053130316215,0.08292865826131866
134049.jpg,0.07496977782128054,0.23044112817194157,0.09353535381816087,0.07592773147329068
134067.jpg,0.09430208994411664,0.26878035979088943,0.12309501081832354,0.07938344743495204
140006.jpg,0.05186301117757359,0.22818675164228353,0.09693955248739254,0.08076496906134198
140088.jpg,0.09398256647651948,0.2510704645387079,0.11854800373983623,0.08241452420123008
14085.jpg,0.10018459083070191,0.25206294468432305,0.10451893534152065,0.0813464498902669
14092.jpg,0.05887359575056291,0.2518407989209034,0.055242663658615895,0.08095755319239095
141012.jpg,0.08725586522465519,0.25225229624557755,0.1034104059738872,0.07771433607530223
141048.jpg,0.10954480030156846,0.23040633726568271,0.11626923214565282,0.079053434275028
145059.jpg,0.03412128981713639,0.23699565209444762,0.03837463223161719,0.06771707372241645
145079.jpg,0.07864068045130372,0.23359045275412332,0.15068186922987883,0.08427764457036847
146074.jpg,0.10422194782510166,0.2746794005467816,0.16314407189274208,0.06633314975306491
147077.jpg,0.08274526944077913,0.221665743298645,0.10523155252072063,0.08715835945780753
147080.jpg,0.018910827368045648,0.2026925825564517,0.023501961096974798,0.07545678335813981
15011.jpg,0.059096682215565306,0.21616896728358787,0.05771557394703784,0.07976155039838993
15062.jpg,0.039564309925980465,0.23091591957370708,0.049709614293000824,0.08200523160446145
156054.jpg,0.1111394735212605,0.2563512596425376,0.14773567663334122,0.07867822452630928
157032.jpg,0.09397324412058651,0.25725254886980686,0.09090718756467293,0.08058173449189812
157087.jpg,0.0805991426350389,0.2592588369188499,0.17193111135325415,0.07640732835027172
159002.jpg,0.09541100990385813,0.2462565020290714,0.24023376115166992,0.07638917890002511
159022.jpg,0.1583283476527583,0.2695524308326533,0.18116103566698089,0.07174214704165242
160006.jpg,0.08738007504377764,0.2441224588284577,0.11823181266735222,0.06289901646781591
16004.jpg,0.09103094699094466,0.24554007689771143,0.09974831748733672,0.06864832211191478
160067.jpg,0.11244159593522338,0.24303314718926528,0.1463588768673047,0.05125850440968416
16068.jpg,0.1524370597688831,0.2687547288676523,0.16686356188804366,0.09366459802012526
161045.jpg,0.20184499924065846,0.2750082149551211,0.22112729899480685,0.09948538137338409
163004.jpg,0.2055619755861637,0.2948182740752569,0.30218926679662117,0.06751375276276447
163096.jpg,0.073143416717698,0.2343746254335843,0.08312857021424072,0.0842839736786622
164046.jpg,0.15632770706095114,0.244627134033346,0.17178117270299298,0.08239350775766191
168084.jpg,0.06176799695080048,0.2310979211746166,0.06971988600792357,0.06469866124778918
17067.jpg,0.1096089059984981,0.2746855888760008,0.10949522652953037,0.08943649321661702
175083.jpg,0.11440421466738493,0.24150116941622474,0.12427772523968467,0.07810821534270894
176051.jpg,0.08225474291042534,0.2554344542251105,0.09499834962167508,0.0622912978362507
179084.jpg,0.08413536765211029,0.2522237962527493,0.13755906616088942,0.08481797581976139
181021.jpg,0.19227973424523426,0.3240199478339319,0.2183220127871384,0.08854887627475165
183066.jpg,0.07365754103104351,0.2517739741412303,0.08662992212907224,0.08104568269611467
185092.jpg,0.15334718640376369,0.2723824273446019,0.1740416330003614,0.08137009307955378
187058.jpg,0.12765229712988743,0.2692357604890004,0.16273232548447714,0.07299660808339045
187099.jpg,0.1092154161550817,0.2522038298127237,0.12231373929063608,0.08263105344241392
188025.jpg,0.0794581186207439,0.25176882984171906,0.08477188227042595,0.09236787332892722
189006.jpg,0.1122109369439063,0.23723646901514236,0.19627816640524276,0.07063536674641838
189013.jpg,0.05906606977321864,0.23041161456400086,0.06452210767127856,0.06924733686936037
189029.jpg,0.07799412456805482,0.23074022426255017,0.21381764945293225,0.06316834576215741
189096.jpg,0.13271301152745202,0.2797181898145627,0.1459993428782781,0.08039469693592981
196027.jpg,0.09904024936905752,0.23882317728003855,0.11219486833345314,0.0686845991970813
196040.jpg,0.13118087533046746,0.25306644453259103,0.13832314708846166,0.08147417097054323
196062.jpg,0.06589460388041392,0.22925219347636114,0.0711438108512094,0.07870469030316067
196088.jpg,0.08682831508559292,0.23315111208349124,0.12224023908328382,0.07192863206748597
198087.jpg,0.031129368903306975,0.20833963377400136,0.05450348916573135,0.06285434346697809
20069.jpg,0.04919636837546218,0.21269393941551826,0.0666276714567599,0.06480705356371112
201080.jpg,0.08022552683338105,0.24588370835414947,0.1117936420304516,0.08733746940485473
2018.jpg,0.040478112644212944,0.2159722135362935,0.06689403706256201,0.07671052233806716
202000.jpg,0.11538287608874236,0.255703592211542,0.13037556162497693,0.08212723110456231
206062.jpg,0.10766368925087154,0.2864671393043893,0.10030215449463359,0.09403425279796221
206097.jpg,0.02346351860710619,0.20015856187954614,0.03069240753282128,0.08217908727514815
207038.jpg,0.11201940542675494,0.26182771872572813,0.11875909106300192,0.07996996794086503
207049.jpg,0.12044629802901374,0.23876109425554579,0.13137736681010126,0.08059091385090396
208078.jpg,0.06899090974543975,0.2369212863694309,0.08294149818580904,0.05577658295584119
209021.jpg,0.1649952040093318,0.2536696833900252,0.174012952094012,0.08235051056856216
217013.jpg,0.3212319742091291,0.3818239495861994,0.37006837385648567,0.08194267226111993
217090.jpg,0.07539085659836801,0.25982773425238703,0.07779619004621523,0.08701205113379408
220003.jpg,0.15034602218058232,0.263720047807762,0.1685375379944842,0.08620321945397681
223004.jpg,0.06175645537383929,0.2541928258216241,0.05997944411646148,0.06896180220471762
223060.jpg,0.03375153764104372,0.2358358948031266,0.04941941557348695,0.07448103691075064
225022.jpg,0.08431660372819932,0.26090350221499714,0.10270521933584754,0.07804164856499621
226022.jpg,0.20340213505010848,0.2911146248795762,0.22610762525468142,0.08041418842238314
226033.jpg,0.08493761999533435,0.21052457314444548,0.10209146927726558,0.07785500392698727
226043.jpg,0.06639437078470649,0.21469802807496122,0.07732317497776037,0.05367230292315507
226060.jpg,0.10064660010372728,0.2513882633981292,0.11105365967926362,0.08110316488866995
228076.jpg,0.07841766948801891,0.2360777283478347,0.12142948750101638,0.07865145009381276
230063.jpg,0.12433594625545698,0.26411189895822557,0.14504838059450786,0.07122226811272207
230098.jpg,0.04781701111494905,0.22791935268658878,0.05028056960613885,0.07333183415559799
23050.jpg,0.12593625775158823,0.2749002103649224,0.20253541712953835,0.07729228797424545
232076.jpg,0.1249955009328244,0.2748261289012124,0.17798456740624116,0.09413642718181386
235098.jpg,0.08964057775703681,0.2417823155293967,0.12012949657887056,0.0794075800194968
238025.jpg,0.09910261856870693,0.2531032240338114,0.12116020354045681,0.09301607847147132
243095.jpg,0.11641995725755372,0.2864984587209094,0.1907552454384681,0.07384916944540386
246009.jpg,0.10277485817454883,0.24956930545302836,0.11471084699095865,0.07062541292368084
247003.jpg,0.11042294371440331,0.25999474698769165,0.12411568712120605,0.07664614786651351
247012.jpg,0.08959340255391204,0.24177520149346932,0.1024693395208746,0.0820053588194819
249021.jpg,0.0847379410525946,0.23221993036499824,0.10162606267022159,0.08871362407564559
250047.jpg,0.09897019756212119,0.2548811303667684,0.1144297810583002,0.06725233288737187
250087.jpg,0.01768365440199186,0.17076697502325106,0.030628221651250537,0.07472937598448674
253016.jpg,0.037178257205014845,0.2327734809858851,0.0461533810352796,0.07443063847185154
253092.jpg,0.09308067146666849,0.23885377755883885,0.11219509238389602,0.06407759996637394
257098.jpg,0.03982419706965829,0.2221645678225881,0.06049590843702733,0.08697074646549176
258089.jpg,0.03872057359850235,0.20577420083580975,0.05021582655923525,0.06814545280780174
259060.jpg,0.06391342865578536,0.23530134952731765,0.06980321092622925,0.08444817515878937
267036.jpg,0.03823252581200303,0.22228933037756118,0.04895604490612209,0.07836681489666707
268048.jpg,0.039772293170147195,0.2096817360887452,0.044556125235400555,0.07115450007483039
268074.jpg,0.1535201409698102,0.24572329999517573,0.17612707036504788,0.07739707261649038
277053.jpg,0.07525817296627309,0.2507475181380053,0.08391602030198855,0.08804842020633036
279005.jpg,0.13223073388569348,0.2687264836121854,0.18177137121931985,0.08451779988209795
28083.jpg,0.21708627233937597,0.32860540231468194,0.22598620685567586,0.09697915648085803
281017.jpg,0.09977066614904026,0.2318792055916912,0.12764866524663893,0.07769708622764389
285022.jpg,0.20065920225666709,0.3042693064504443,0.28057048708109983,0.08175202866577602
288024.jpg,0.09753881776638725,0.23677280995478076,0.12164596683820746,0.07064142913095084
289011.jpg,0.18092556741276292,0.26317261173808765,0.1939029222216405,0.09280735094041906
290035.jpg,0.19043675211723474,0.2902961976895931,0.21122725982667417,0.08476280420288013
29030.jpg,0.10519069128619885,0.2441347731920582,0.1299105731737683,0.09637553144582012
296028.jpg,0.032717205621442216,0.2264157198896031,0.051347481866077994,0.08727434560378255
296058.jpg,0.12609898167434808,0.2657632769088432,0.1373711654106666,0.08701114824355159
302022.jpg,0.05420530736107737,0.23976327180740517,0.05033902136144714,0.07671372783322979
306051.jpg,0.055437902443495064,0.21829278664112842,0.07938417712803333,0.07876328217646962
306052.jpg,0.07336090369164343,0.2253666252256246,0.10623528374458516,0.08247758224094548
3063.jpg,0.07384124648492833,0.20476393383472224,0.07591590510834953,0.06223372294367894
309040.jpg,0.05551893671757504,0.23164355040217646,0.07199936522715313,0.0772408950654459
317043.jpg,0.1567772708016582,0.24264715208609156,0.16862734043233946,0.07984580522258744
326025.jpg,0.13491865097667807,0.2491617801663296,0.18907291370437512,0.07620397511063431
326085.jpg,0.08307273158644014,0.23134597306105212,0.0843332460663296,0.07819524044553251
33044.jpg,0.08165967948270132,0.26994553938926147,0.0767631360317409,0.084709727319377
334025.jpg,0.15506576420177415,0.29366311728951144,0.1632820035757431,0.09357455259123391
335088.jpg,0.050897087664265206,0.21465177353885867,0.05715928381949,0.06926523729107856
335094.jpg,0.11927213161022235,0.27206065600588886,0.2255863981248098,0.08308174209994956
344010.jpg,0.05820643691422832,0.24129443978529497,0.06367188891238477,0.08904165359028085
346016.jpg,0.10423888196828475,0.22925453153530817,0.10981640559714323,0.07408428818009476
347031.jpg,0.07651563651630183,0.2557011210164858,0.11247805947049923,0.08446574996147087
35028.jpg,0.21941798529259615,0.2920017868422462,0.2477599434550457,0.07830353549064592
35049.jpg,0.18152605511678035,0.28332037501881574,0.2226234066874572,0.07097681697273833
36046.jpg,0.14867282178103197,0.29436463778797056,0.14982251325692622,0.10127520755969896
365072.jpg,0.02289012646864302,0.21014023906849313,0.020869479565537547,0.06871575172115361
368037.jpg,0.03272610624965482,0.20843888301263963,0.05516713078617249,0.06162592824162126
372019.jpg,0.05747987700445225,0.2565587082541683,0.06379497847518094,0.08253633180819266
376086.jpg,0.1491520398369643,0.2876635325324165,0.21473262432196533,0.07546167172029916
384022.jpg,0.1235686854828743,0.2739584035205408,0.1310918688407306,0.09055677945765972
384089.jpg,0.12257409526368895,0.2840541754205109,0.12872524940575786,0.09909389024068997
385022.jpg,0.09102260451689144,0.24791819324870912,0.09169932710471539,0.09058946171690614
388006.jpg,0.07373424451527989,0.23749095270691425,0.08928983540440705,0.08098720799359274
388018.jpg,0.03308318241474441,0.20140122951101513,0.052996059730666976,0.0717256846488904
388067.jpg,0.06634148033616097,0.23753234193162298,0.07176996956766316,0.076261353851991
393035.jpg,0.06111031362264783,0.25650772776456315,0.16359295180691402,0.08275651202273063
41006.jpg,0.10634591737742032,0.2595545098066162,0.12150045110706044,0.08669265013053665
41029.jpg,0.045173116242362386,0.23476159962955892,0.0488337548740333,0.08021927610294574
41085.jpg,0.10883702863361813,0.24563748049979664,0.11436566670114126,0.08664916125786383
41096.jpg,0.08162094581003272,0.2271436972882725,0.09947513430767801,0.0749770718002035
43033.jpg,0.18674927096561306,0.24439668889258043,0.19598896394125445,0.08753470699963449
43051.jpg,0.2647104628987795,0.3072380912700438,0.2906438147705664,0.08240234867735889
45000.jpg,0.14236849321858303,0.24348310577657628,0.1512321210161921,0.08134007922034626
48017.jpg,0.14811315317018903,0.26741897883667065,0.17015812011292664,0.09003485647006938
48025.jpg,0.1087371605628738,0.280144220535942,0.10770528904444797,0.09850792520280914
49024.jpg,0.12047740785497237,0.2512029827838174,0.12934166052632165,0.07789254430881415
5096.jpg,0.12924893251094643,0.25661669334095966,0.12419790218493577,0.08581977884892364
51084.jpg,0.048952799560563726,0.23741893887660917,0.11918056690623739,0.07746911078795352
6046.jpg,0.0831896384191681,0.2594508399098888,0.12208581260990636,0.08594517306022428
61034.jpg,0.11675553483998534,0.26272280843030466,0.12375882835523463,0.08212640434907922
64061.jpg,0.09699899246800804,0.23979321709510024,0.11191135905341257,0.08784025507098227
65084.jpg,0.07722325557797603,0.22455186717947015,0.11634729198777172,0.06364714735468105
69000.jpg,0.13758850044919443,0.28789670943679224,0.13530867178292,0.09786628478225741
69007.jpg,0.06677366244602734,0.24757872810553846,0.09620926944914962,0.06907315016091213
69022.jpg,0.13538301769532682,0.24112221268959524,0.14565560153410465,0.0750735963469139
70011.jpg,0.15351097707368538,0.23842338308179625,0.1560857048843102,0.06683743094652375
70090.jpg,0.11899183791064595,0.24425507596857318,0.1277655626440852,0.07729894886757238
71076.jpg,0.08286836902868029,0.2292358440528193,0.08783721570233194,0.09162247562227177
71099.jpg,0.09892380456218779,0.24676468956373168,0.12012044683626619,0.08470210729824514
77062.jpg,0.05472655310218022,0.23608620704806682,0.06014164726744662,0.09035802599684116
78098.jpg,0.037037385822475316,0.23887255109555616,0.04112690205985809,0.07789244549727424
79073.jpg,0.08092740081087214,0.25299919312751185,0.09121086645085952,0.08810897256156658
80085.jpg,0.12737571971740597,0.25662104038715056,0.15703600481961447,0.06780426346731115
80090.jpg,0.23593868055427933,0.2877359996613159,0.2596542992216931,0.08507959752514538
8068.jpg,0.20104265158689472,0.3270097313419526,0.2123285272263618,0.09253213086479768
81066.jpg,0.13828703487524485,0.26950887717340033,0.1428701591928129,0.09295774074640079
81090.jpg,0.07998295039445248,0.24938968896324543,0.08055533936217318,0.07772769887547637
81095.jpg,0.08250820386452916,0.23969282226803346,0.09404245212795535,0.07841476612951763
87015.jpg,0.0826955314564188,0.22920824671255494,0.08872841524760189,0.07583145236387996
92014.jpg,0.13666227688449326,0.2914625261585206,0.15444395482419918,0.09240544174268585
94095.jpg,0.1610017864661096,0.24090667944873329,0.17191845089180188,0.08036957839882207
97010.jpg,0.09319989881033491,0.26592995818649867,0.12833433838677694,0.0866445534479761
100075.jpg,0.1352901742898384,0.2506420564253783,0.14440384120476296,0.08329344462253893
100080.jpg,0.14465203017376418,0.2676983006110535,0.16562119580997697,0.08323398876929257
100098.jpg,0.07618500930083053,0.24782461327997193,0.13059047020289566,0.08654822504117371
103041.jpg,0.16932262259017186,0.2814748174797378,0.17076495147024645,0.08247160894166992
104022.jpg,0.18374654494318413,0.25346386683312955,0.19724932519360525,0.08336487644511836
105019.jpg,0.21123012243426445,0.25529675592542367,0.21757812515581668,0.09709551717971858
105053.jpg,0.20116951541052597,0.2619422466070064,0.20926194234239512,0.08629232519154391
106020.jpg,0.13791422114465843,0.2754107351294875,0.16212385879963734,0.07666117122738707
106025.jpg,0.26679302012749573,0.3466813845953817,0.2953409908380495,0.0788989254106192
108041.jpg,0.10102538667014488,0.2395494624622956,0.11170290423285398,0.06879143832177886
108073.jpg,0.15344087636736978,0.2528138049251125,0.16972112495120695,0.09259123284386683
109034.jpg,0.07210293997069962,0.24955871998480375,0.07783363945507842,0.08204461185435066
112082.jpg,0.042837997103072775,0.23993849618458102,0.03510422276954839,0.08515603030107556
113009.jpg,0.21290811959483863,0.29928528556827905,0.22551697385154193,0.09687776963199286
113016.jpg,0.1370570044672874,0.2577216164492533,0.15059700678685323,0.0750593030535664
113044.jpg,0.1483087696684381,0.24452769454982262,0.1683679178594249,0.07755747943155647
117054.jpg,0.024486297911564977,0.2202020077123831,0.028578271065120942,0.07169126344883649
118020.jpg,0.08489777544866033,0.2433322740463871,0.09987019693058488,0.0725474544849441
118035.jpg,0.15756803969363345,0.27920715223265685,0.19415701628976192,0.06281922312478679
12003.jpg,0.07522157384103131,0.2513431208940122,0.07711589443541154,0.07972493377969707
12074.jpg,0.301473989589694,0.3732702567343673,0.345045400349368,0.07789570915418255
122048.jpg,0.1964956662802031,0.30837095944391757,0.30819135516091195,0.05571937246715687
124084.jpg,0.13360487704067459,0.26838428930793745,0.13984032738025526,0.07265485517305069
126039.jpg,0.13680283288996298,0.25029949285250747,0.15133169002083285,0.07330107747684746
130034.jpg,0.1356803851903937,0.2240468098706942,0.14764158649211764,0.06996875046100974
134008.jpg,0.20148369813386505,0.24082557904662052,0.2103851949712981,0.08617791074507382
134052.jpg,0.14539685854541626,0.25526228859724526,0.15023896045338236,0.08733938739033636
135037.jpg,0.10861835160923003,0.23816097298534872,0.21363124831742417,0.04399820516211183
135069.jpg,0.11853626345071004,0.2646819288980455,0.13154200509358824,0.03194572778389183
138032.jpg,0.0938304719194396,0.24350401864273793,0.10365499884584652,0.0767140710172101
138078.jpg,0.1328820840616611,0.29570113133210657,0.15443246719459144,0.09096841242073887
140055.jpg,0.17505119749195935,0.24066091576053447,0.19122153866478694,0.08192763294468744
140075.jpg,0.05353310352076015,0.2335860571907378,0.06279755851846512,0.06728723271536322
144067.jpg,0.031063998568761797,0.22182965425037607,0.10582930664060787,0.08172453895942797
145014.jpg,0.0188469709265614,0.20213024719539455,0.031018767015635655,0.06587316314769337
145053.jpg,0.05188641887285123,0.2130733015150493,0.06104089482771748,0.06891647682809153
147021.jpg,0.15274130030925026,0.26884953777941295,0.2166839813407991,0.10523071174265083
147062.jpg,0.030612178736899327,0.23065915432270936,0.12062516771694275,0.06970106344602421
15004.jpg,0.0155567290120266,0.20238654575854037,0.04949351759409943,0.056444988642765266
15088.jpg,0.16421475346811074,0.264606370119087,0.18304477404879457,0.08999642511090539
151087.jpg,0.11285417835949302,0.2628642492031888,0.14405158635818763,0.07560609326493666
153077.jpg,0.15000548225566485,0.2805648790035444,0.2352352154162084,0.060353854761357996
153093.jpg,0.06444317068028997,0.220060170464136,0.12973590840961652,0.0716047477022211
155060.jpg,0.07537419955328546,0.24014669297193456,0.07897084703095453,0.0855657512254459
156079.jpg,0.21598381882654993,0.3117057580458658,0.22869463393376968,0.09433435497063675
157036.jpg,0.08940646877470397,0.24109915550356234,0.11861524067318965,0.08426011253759494
159029.jpg,0.043350473115799704,0.2282208390558416,0.046607839078625236,0.06796533267088087
159045.jpg,0.05997046967559922,0.21105205719296652,0.07271698309335224,0.07626794402018348
159091.jpg,0.04953334141067285,0.2192208690577776,0.0521991987025604,0.07757714020552399
16052.jpg,0.1146047652353716,0.24405115049269516,0.11946711477733254,0.07725213322108687
161062.jpg,0.18563020993747914,0.2763672987726977,0.19115501964837575,0.09869236285647762
163014.jpg,0.17143337017739219,0.2754174781595691,0.19685242513099363,0.09015402628107921
163062.jpg,0.10689183374117489,0.24550319096816353,0.14137689796009853,0.06829929131269187
164074.jpg,0.11206369016299753,0.26016797891300164,0.13134893362972697,0.08341974773346261
166081.jpg,0.1281127673705415,0.26173134098807294,0.13134286946251408,0.0885088063616127
169012.jpg,0.09263483279654651,0.25614416534517837,0.11473729781021849,0.07517161299416085
170054.jpg,0.055447723753578176,0.2410217150463669,0.06264526468673255,0.08153588850938781
172032.jpg,0.10788198816757036,0.24818447194636795,0.18081803052141643,0.08230418722124702
173036.jpg,0.1372500622456104,0.26839081909902546,0.15262869750848188,0.08042552669193043
176019.jpg,0.12541669749990333,0.24494043066831067,0.13477006414022705,0.08138780585976478
176035.jpg,0.09072059668114624,0.27187966452306844,0.09483769801773954,0.09412573369593091
176039.jpg,0.030689435757043745,0.21265102990099236,0.042510730784336204,0.06777936809407548
178054.jpg,0.13716087802877933,0.2826251796455155,0.12809572228729685,0.10510716186220444
181018.jpg,0.16763710903559217,0.30310697553407967,0.1872019265930959,0.08393234241644089
181079.jpg,0.11168877563194352,0.2577564369307917,0.13200445551673123,0.08462892932761439
181091.jpg,0.1276365608322456,0.2715230864261368,0.16652057439318335,0.09511357090328013
183055.jpg,0.13807363302193373,0.2613474887226122,0.1569071596104322,0.08205356494682968
183087.jpg,0.09865410221049165,0.23301177931838915,0.11439639286357471,0.07643573301479979
187003.jpg,0.054723010441366515,0.23968358430951184,0.06747326702579072,0.08102457284049963
187029.jpg,0.07120999295290409,0.21289894520897518,0.07809018898894647,0.07247199570528887
187039.jpg,0.08752613446944796,0.227893809236868,0.09722336280207645,0.08321323507385285
187071.jpg,0.09589914336622082,0.253930809868024,0.10934852400634905,0.07577902093489353
187083.jpg,0.09201335666073317,0.24894374210687809,0.09225584658054747,0.07347393150963982
188005.jpg,0.0716199204929878,0.23994825493215438,0.08389019890274908,0.09041165720680143
188063.jpg,0.182905003324558,0.28664698149496165,0.1905137035177836,0.09043903368181672
188091.jpg,0.09115296522712756,0.23684056799488576,0.0970167313692541,0.08182091753630355
189003.jpg,0.024635371741413753,0.19429337577603334,0.08286982328628023,0.05466082529992558
189011.jpg,0.08170564221410824,0.23724031703027548,0.09364798525143198,0.06998869390965169
196015.jpg,0.13997949711196295,0.2775502059900805,0.14701094893980837,0.08237428134925265
198004.jpg,0.02962733858590703,0.22060928766442603,0.033226759038964604,0.07006608533492471
198023.jpg,0.19515912063093863,0.3155896526260956,0.2181623070709335,0.08674658016272413
198054.jpg,0.10383014999219163,0.280038621943545,0.11415665042853135,0.0906506328448209
20008.jpg,0.19109786563876607,0.28916624546568775,0.20726289104063123,0.08706065305735769
202012.jpg,0.07476850456753832,0.23537208386086456,0.08080772829011514,0.07603543130907357
207056.jpg,0.238301250537557,0.27197265932614184,0.254096018698359,0.09213043120260767
209070.jpg,0.07186326977846424,0.21315202411014536,0.0723890729020333,0.06331714264035448
2092.jpg,0.08878017287428357,0.28191409890227653,0.07593256072515128,0.09941312576511019
216041.jpg,0.12265869533366493,0.29706965480575154,0.12925622720520333,0.10420653724309513
216053.jpg,0.125273381686485,0.3058185016729349,0.1333215837631009,0.10810304534073398
216066.jpg,0.10560333382339554,0.2577707143049712,0.12254150186514486,0.08700429598529229
22013.jpg,0.08544837072723364,0.28607182759890776,0.11942091685460458,0.07830007370871846
22090.jpg,0.1402779375697562,0.2592515862701591,0.21774888672492054,0.07745653697974031
22093.jpg,0.06676273367509145,0.2346287367805882,0.12312757342532768,0.08540719033620847
225017.jpg,0.07209944114216738,0.25239831563850956,0.08810254335137273,0.07314053222366075
227040.jpg,0.22127926367152512,0.27366362855385135,0.266974322384023,0.09010083810875119
227046.jpg,0.12874749078473963,0.29590798731406637,0.11965837003906629,0.09595718449369865
23025.jpg,0.05945026923392809,0.2019563890539076,0.0725634953982531,0.0818214280173446
23080.jpg,0.07951310386925382,0.2546143816927706,0.08785648825767209,0.07617346735388576
23084.jpg,0.04799446994764223,0.2237354460577076,0.1018472712228679,0.06954618523218353
231015.jpg,0.035876271619997464,0.2317053860151615,0.04775112759203447,0.07319216541862734
232038.jpg,0.12098887048932239,0.290800593144745,0.14074772750508427,0.10131261675755765
236017.jpg,0.13925408156321586,0.24243754590435168,0.14992941155324535,0.0795489189849537
238011.jpg,0.2627844458646729,0.3117904701361379,0.31260407041542254,0.053576209019792355
239007.jpg,0.05381666226197428,0.2561369346636204,0.0524261868325746,0.08326553205777384
239096.jpg,0.0546405409571736,0.23002132275077372,0.06288257329515853,0.06799609134686425
24004.jpg,0.07982717046196376,0.25887215086959975,0.10760451240140383,0.08538124794493007
24063.jpg,0.07768983881347857,0.23254874596942932,0.10717432351942073,0.05730928646501173
242078.jpg,0.05339762136416421,0.2295259531722603,0.05805585043940745,0.0744158359583924
245051.jpg,0.098973936740894,0.26044365396270996,0.11832778411943451,0.08180054781892604
246016.jpg,0.0894252153629526,0.23500008012381668,0.10157501240210523,0.061642254741177835
246053.jpg,0.15214593193514514,0.2557886033776155,0.16559853816541217,0.07284346658585654
247085.jpg,0.08494158568393073,0.2331986330608278,0.10434765748991404,0.08120996965362176
249061.jpg,0.12157995639401419,0.2756531353417191,0.11008188000830631,0.089630532728841
249087.jpg,0.054387384685299196,0.23206023929564099,0.058374100678699616,0.07858167325630216
25098.jpg,0.05671748474685898,0.21404898449205625,0.05949959061609549,0.07221404029001738
253036.jpg,0.0594080048904523,0.22195848120665676,0.06508528434950632,0.06824096702049698
254033.jpg,0.05948549268420775,0.23046161434476464,0.07122777587967236,0.07340259307204897
254054.jpg,0.09373539766332055,0.2516556404797606,0.09615961137290344,0.07923753071376947
260081.jpg,0.10204936216879539,0.25970415582207573,0.151635999568338,0.07497346322990171
26031.jpg,0.11178859316582263,0.2987977111435672,0.14612768171671953,0.08719063541149144
268002.jpg,0.1907513028524377,0.2826169864312049,0.22155429680338234,0.07431003525953832
27059.jpg,0.14605473563749427,0.2878978784366654,0.16840899494475636,0.08465039461425847
271008.jpg,0.16392095581768523,0.2840470283028672,0.19004453876324004,0.08298984097261719
271031.jpg,0.09455442403689683,0.23177406280440765,0.08626874117044649,0.07317310059048958
274007.jpg,0.09340749038765093,0.2333927162376374,0.10503013148561353,0.08041505839644042
277095.jpg,0.14166078156451267,0.27170971606845806,0.17056777844630813,0.07728878321662108
28075.jpg,0.13742629545941268,0.21871367898499622,0.15032030036104488,0.08564197187090938
28096.jpg,0.20032384650114227,0.23113025315548857,0.2095429455989368,0.08810582163578555
285036.jpg,0.15048719159825,0.2709159226054913,0.1945432150933452,0.07933007266319757
286092.jpg,0.11934488911872308,0.26757800531571563,0.13029156291387956,0.09297610174866959
292066.jpg,0.17787048441354547,0.29590221703476177,0.17781205671428657,0.09240296132639579
293029.jpg,0.12875279689986746,0.2493562149579795,0.14009427934066176,0.08198008684374497
299091.jpg,0.14567703319455336,0.29921362616733116,0.14261668753824028,0.0937862033744714
301007.jpg,0.16690813095670629,0.26176527403298994,0.23682278090658454,0.08148086097103786
302003.jpg,0.06812150754466526,0.2225710708065118,0.08430205371904437,0.06997189716927403
309004.jpg,0.12496078907488625,0.23366599964351356,0.1367837583131847,0.0712518043784325
310007.jpg,0.19391202126447998,0.25587695454153153,0.26003833590952136,0.08078392777490773
311068.jpg,0.16638449908505468,0.27952020718094683,0.1845734103685143,0.09317516462649686
311081.jpg,0.05629510715078072,0.22670342409537475,0.05900203530914275,0.06870402659023336
314016.jpg,0.10626275664999293,0.24874640625157052,0.1152513245514608,0.08696100418739644
317080.jpg,0.13756124528622746,0.28713720362955525,0.24303689492993893,0.08646749915758087
323016.jpg,0.05589036753635454,0.23494037401683493,0.09948962008056456,0.06671221198912597
326038.jpg,0.13536392164630837,0.243980758664422,0.14830075932916317,0.08577122553712149
33066.jpg,0.06919519066500354,0.23997067476951484,0.08077233306779805,0.08169344377792997
35008.jpg,0.1174662754695069,0.23327833081341515,0.13296480364715982,0.05024403207207513
35010.jpg,0.07456066465712154,0.24152722669084092,0.08662868896548019,0.06962570152599
35058.jpg,0.18203920596212966,0.27500923443996383,0.2160048465960254,0.07935037362683975
35070.jpg,0.183481127427961,0.2840506947947989,0.18875655147088968,0.06350247808701347
35091.jpg,0.1325798255007581,0.23348674008746523,0.14390897588971124,0.07547909466598958
353013.jpg,0.09398767228179106,0.23808328335660583,0.15621451286866014,0.0829575035538817
361084.jpg,0.09868063748002448,0.23601212411969485,0.1189782551317862,0.09162054847215256
365025.jpg,0.037666910523611256,0.20059950969235762,0.05465241412892591,0.0759838337496662
365073.jpg,0.05729686706167053,0.2414926631566642,0.06990317735313485,0.07158058010981327
368016.jpg,0.1596131433415624,0.25948627842651534,0.1945956965317874,0.09393615462118866
368078.jpg,0.062485294469992035,0.2502131803977986,0.07722396832427861,0.07687672647872455
370036.jpg,0.206988332158875,0.2870436708936783,0.22635206134928698,0.08399872859792962
372047.jpg,0.03458539493020367,0.22751714287800703,0.06016742766980877,0.0628773667722783
374020.jpg,0.12707353432486806,0.2800531150042145,0.12538722306450356,0.08995660053896877
374067.jpg,0.15531377967149942,0.27340304365327767,0.1721268102593528,0.08766392323988577
376001.jpg,0.05897473817584251,0.21144139437344864,0.08247612228379125,0.06677268884023102
376020.jpg,0.10666110793567886,0.2645731886724409,0.11370253112832052,0.07700577001721363
385028.jpg,0.10504071286275916,0.2877495649708929,0.11326818502756428,0.10006699075925489
388016.jpg,0.14891495433292648,0.27294934920482067,0.16386095591694963,0.0900552437789768
41004.jpg,0.07199404641088304,0.2221963497198744,0.08728687682638071,0.07850154410019236
41025.jpg,0.0719969568412366,0.23775156486610918,0.10938053610720642,0.08416098159327613
42044.jpg,0.30321878176883227,0.3227318584929318,0.3659032076813903,0.06570031097990613
42078.jpg,0.2685452713320231,0.32236379411947214,0.3393219710263503,0.06614443618381176
43070.jpg,0.21420537598656755,0.2732999894357101,0.23218553389455587,0.08625779009845035
43083.jpg,0.15488897763614906,0.2368909059309752,0.1588042379547456,0.09143842394738415
45077.jpg,0.1172903072178694,0.24598920303066407,0.1262901329503057,0.08363640729003376
46076.jpg,0.08794033835528618,0.2535240798564869,0.12649760921012074,0.08702370543057328
48055.jpg,0.12652709012409014,0.288519854828437,0.14048479986239398,0.09260188890813491
54005.jpg,0.07616091573681268,0.24696874771329466,0.08025534327559092,0.08288815795748933
55067.jpg,0.11567455827328006,0.26028509522467563,0.1662204749944217,0.06914969270543199
55075.jpg,0.11741322853547709,0.23053344910325482,0.13824832691154,0.09317953353523437
56028.jpg,0.07803281552086799,0.23808336491317253,0.09267467898911627,0.08119434349072721
59078.jpg,0.11786896247218763,0.29146749960317364,0.23768127240664255,0.08261892487818673
60079.jpg,0.1488642234046804,0.267464220450037,0.14820548874063894,0.07938058055463443
61060.jpg,0.13042321327065348,0.25406081332319336,0.16253284041942656,0.0645967210569751
61086.jpg,0.05622693109023961,0.21728738924569163,0.0803980907426234,0.07718599772807296
65010.jpg,0.10081235613301527,0.2681857981259755,0.11117293517188152,0.08512674780329851
65019.jpg,0.07983869058687061,0.2267080315010494,0.13240300791179185,0.05946582027033325
65074.jpg,0.041535081059930985,0.21668390570732365,0.0534789817972548,0.06604624068282983
65132.jpg,0.07219285994695214,0.2382410930565592,0.08540126570636887,0.07610936897942085
66039.jpg,0.13159241348903802,0.28899665502987903,0.1755239626820925,0.09402791033296654
66075.jpg,0.1310119289466573,0.25766292031953214,0.14799640863628824,0.07193282253673557
67079.jpg,0.09736337856276824,0.2459940666044651,0.09087875638726992,0.08532207454732389
68077.jpg,0.16183751767397261,0.30873656621815143,0.17019750805789166,0.09847400845151906
71046.jpg,0.1424850625073702,0.25242122773206854,0.21214190469186167,0.07937295098988194
76002.jpg,0.11959643760526334,0.27041204638353916,0.1351717941526792,0.0873553154807985
78019.jpg,0.051850685651174955,0.23284375233997204,0.08313015646821047,0.07802159105947827
80099.jpg,0.23702604814008799,0.23280519964764582,0.25125931611200114,0.09029068844880608
8049.jpg,0.18743838828594508,0.284786388917688,0.23875275292402637,0.0709772759807006
8143.jpg,0.07323310250419471,0.24606731135228557,0.08649465258915727,0.07183989288493497
87065.jpg,0.05647989152674779,0.2296848527478785,0.06238337082714142,0.06266098168782154
90076.jpg,0.1836126396226723,0.29719377965477084,0.20756767430341827,0.08144120760796952
92059.jpg,0.18087369769590936,0.261818893647643,0.19623044271910883,0.08798980446160362
94079.jpg,0.10044211092393139,0.24135034916601392,0.11242601031424586,0.08098813229409965
95006.jpg,0.1491171383962815,0.2596911675387381,0.18414025308074664,0.08915273575236014
97017.jpg,0.04753815679690123,0.22456408018698043,0.07048402977902428,0.07816366787137918
101085.jpg,0.11388237237060665,0.2702924132780547,0.12663458849513792,0.08149147541986
101087.jpg,0.08564075928337742,0.2745569974621692,0.16605335364971502,0.07949498896560621
102061.jpg,0.07614594580912666,0.26289475486640057,0.08794017386914574,0.08253073679850806
103070.jpg,0.13363705942213597,0.25651648051464276,0.14109283939278341,0.08134823217205583
105025.jpg,0.037085725672720164,0.2359570923093691,0.08899882593878357,0.07353031987012833
106024.jpg,0.02730550498264162,0.1954269711684566,0.057474045021137635,0.08170355649122987
108005.jpg,0.15925065406415503,0.25927497302011016,0.17359601979435782,0.08438671479937553
108070.jpg,0.16769775453939856,0.2535450454897341,0.18523899181168843,0.08803374731278538
108082.jpg,0.1861529861274901,0.2799903408879332,0.25824233880501857,0.09680493735949247
109053.jpg,0.14929705420914413,0.27941291688130393,0.15697426385703012,0.09159972710410817
119082.jpg,0.0653069442054053,0.223737450563619,0.08699773391767007,0.0763856473727422
12084.jpg,0.14048253627019489,0.24712268989133632,0.14879354337878467,0.08166220232443945
123074.jpg,0.07621769894977284,0.2331183708069783,0.07527724032091916,0.07916763086142362
126007.jpg,0.14930012113359645,0.2836060216958268,0.1670653231890804,0.08992499862300465
130026.jpg,0.09334242455826733,0.23989004154839483,0.13352588057892967,0.08462239989942383
134035.jpg,0.13963279296612732,0.2837355582251653,0.1563070809913504,0.08170600327318386
14037.jpg,0.08652313959518883,0.24969325962337607,0.1653999127930012,0.08859941873948914
143090.jpg,0.05757106025060396,0.20484585283985143,0.07285846301654451,0.06994273321199246
145086.jpg,0.05583259437060523,0.2572480990173703,0.05925100877365808,0.09122253371905806
147091.jpg,0.09160291977538157,0.25566255485856826,0.11600600521588171,0.08600356829770907
148026.jpg,0.050761338253202365,0.2141673013957608,0.1069607649087052,0.06948566374955943
148089.jpg,0.07610412319589163,0.23709624336781635,0.08974690588612946,0.08196320863085703
156065.jpg,0.06390249379029868,0.23196084555436414,0.07372090290757173,0.08049689924156031
157055.jpg,0.046089458624384676,0.21697933884892517,0.05227382867467399,0.07333570426993129
159008.jpg,0.0975654830645605,0.22601006707850857,0.17574585087942235,0.06812644627679901
160068.jpg,0.08466623174894573,0.22857422417417245,0.11408505983084223,0.056455995951341216
16077.jpg,0.0938721614829375,0.24278030097178846,0.12235148568860572,0.08511380673399203
163085.jpg,0.12484476424647424,0.2579269519842602,0.13079501058331344,0.0787544229819025
167062.jpg,0.31079436703630364,0.36427558903000984,0.351847875930767,0.08810501341517699
167083.jpg,0.040306575430982046,0.23423834163277946,0.05527433811563017,0.07915963103123552
170057.jpg,0.11805027317073526,0.23717157323664062,0.12498825221350662,0.07770986641543323
175032.jpg,0.08588750675543728,0.22647900357860937,0.09595210576327302,0.06566596164409041
175043.jpg,0.11965929525307209,0.24021232163814574,0.13276257738587716,0.07485378530611181
182053.jpg,0.0840631710437416,0.2422890872788884,0.12230304767879673,0.06147825199086496
189080.jpg,0.11157017111988389,0.28092175534784025,0.12724143789845527,0.08227218895151164
19021.jpg,0.127403439918476,0.25601993505364595,0.14393781474424472,0.09178713369383985
196073.jpg,0.16152953882305332,0.20093928308820308,0.17546178633542198,0.07767395186300641
197017.jpg,0.08366466674958672,0.27471623031182707,0.08016321449712485,0.09191338373837642
208001.jpg,0.13198408772670664,0.25761635365581653,0.13907481339643815,0.08737808474816285
210088.jpg,0.1320298137445823,0.2762511588309856,0.1488689884956631,0.06559369062589847
21077.jpg,0.13819485671836002,0.29083582043250017,0.14517577851988026,0.0946437385252916
216081.jpg,0.07029534637239213,0.26408304069291516,0.1159578652885798,0.08792430125569267
219090.jpg,0.12687511171519933,0.28150458390138294,0.12702430609986343,0.0917597626505322
220075.jpg,0.07791277527710472,0.23183108847172756,0.09734611155509912,0.07668854818765167
223061.jpg,0.023805585047625453,0.22469153352467197,0.03857047205392854,0.08149424274929376
227092.jpg,0.1461899629501571,0.26836997212751124,0.1553123606639769,0.08397910299344218
229036.jpg,0.08873994952827303,0.2704398414072237,0.10153079509910469,0.08931274547156424
236037.jpg,0.11708560524957755,0.2365514554560302,0.12436434343027203,0.07563646824278408
24077.jpg,0.04857884219046177,0.1920223082112336,0.10693974347197631,0.0591937187190378
241004.jpg,0.10611703659432067,0.27411602306419935,0.12716320618873284,0.0913035744034876
241048.jpg,0.04700140730354819,0.23975662524177843,0.06754658151666344,0.08102031278732073
253027.jpg,0.15169058989258163,0.27566334354946487,0.1666654456462925,0.09011879544405864
253055.jpg,0.10449048192352003,0.2712481642848582,0.11688129732640498,0.09870501623812666
260058.jpg,0.16056527218143257,0.27776358924016076,0.16649345431412982,0.10126514456058967
271035.jpg,0.06297031682850368,0.24251742181263064,0.07572648702133876,0.076027746916717
285079.jpg,0.16810908909987773,0.2762701592945316,0.18975838168986064,0.09120314328130703
291000.jpg,0.07951808681137218,0.23792851459050976,0.08746211799648972,0.07671646424680052
295087.jpg,0.0977252065814167,0.27281010575080067,0.09988318107233235,0.09612601539785327
296007.jpg,0.20744425698355692,0.25027732246458734,0.26750223568836795,0.08749804837529201
296059.jpg,0.12306784655727014,0.2968928114214303,0.11686184668532291,0.09551422230348311
299086.jpg,0.19914077090996804,0.2803993132508007,0.20567046985284076,0.09820387550994002
300091.jpg,0.1660067694602207,0.3025246088591973,0.18836987876182223,0.09262070322387041
302008.jpg,0.21712613676849132,0.3326409963423761,0.29699303282306616,0.058957143330869696
304034.jpg,0.10481909031672092,0.25179984101856867,0.11474777698402858,0.07740660021945453
304074.jpg,0.07333732525245439,0.22143190075645156,0.0886560733933891,0.0855073496827967
306005.jpg,0.08670445181645998,0.22394119975691218,0.16277366315892977,0.07946878419665211
3096.jpg,0.1555118136293563,0.28208724008194674,0.1699847266545027,0.04123901068971908
33039.jpg,0.04101042217683164,0.23257215609371779,0.04837340204661304,0.06277212405213459
351093.jpg,0.07973694607215615,0.2638432285587599,0.13150524233959923,0.08394651931660362
361010.jpg,0.14117091863953163,0.24844417699909863,0.15233516156111385,0.0883123631118821
37073.jpg,0.2951911357757882,0.30582237880016333,0.31310284978122854,0.0897303246055678
376043.jpg,0.1342282955318318,0.2674754267334963,0.1478052103261029,0.08838979750633347
38082.jpg,0.12240407639158456,0.24302511112437647,0.12838571377878408,0.07487543406571663
38092.jpg,0.04707708210048615,0.2541229606693616,0.0384097249987836,0.08115239714915444
385039.jpg,0.09450527735771275,0.2801085157250004,0.12055865235549691,0.09211946325300609
41033.jpg,0.10462795978054866,0.26168163601333183,0.11393572819295908,0.08815333428693854
41069.jpg,0.08616607404454138,0.24703554027625832,0.09212429919658867,0.08098428639359907
42012.jpg,0.09561630309668466,0.27106294242395484,0.10164040259843872,0.07899481695625349
42049.jpg,0.18975035960436892,0.32165802896914486,0.26041812485219035,0.04934134304500928
43074.jpg,0.12191593016026571,0.24284594607577434,0.12819529900611476,0.08800415876508802
45096.jpg,0.20995126700699612,0.33533611977370886,0.2751899709771789,0.07810957529829414
54082.jpg,0.16987926333010306,0.2862114593899007,0.1913667875589656,0.09347639940284233
55073.jpg,0.11810633346011523,0.24810171881347806,0.12970675378845478,0.08802889020960836
58060.jpg,0.17479921912446245,0.2852072124619273,0.2927960260857758,0.0888825141987129
62096.jpg,0.19453585492115102,0.29654848144896906,0.23455405529860113,0.071437062448851
65033.jpg,0.12499435554829277,0.2339606404370459,0.14177994006759878,0.08294782803115448
66053.jpg,0.10798766037429582,0.25286195182351695,0.10959983024541857,0.08614056446773664
69015.jpg,0.1059832005165248,0.24707384371326852,0.14038035460670942,0.08170422655791364
69020.jpg,0.17431496539835126,0.2647337518835709,0.1896127193601287,0.08563647854284721
69040.jpg,0.14759445178631417,0.24240592996103105,0.16009875100055285,0.07763977830248078
76053.jpg,0.09926218634937228,0.24424752766499308,0.09775208953516325,0.08476528959574443
78004.jpg,0.027843628694163364,0.22484091771018125,0.042557178895435144,0.08531961217278186
8023.jpg,0.12204347182542216,0.2326503507880544,0.1335770476928285,0.0791087638978151
85048.jpg,0.06415248787217841,0.22971234826996909,0.07058206089199391,0.0730526873518306
86000.jpg,0.13391470447080364,0.27528635845645943,0.16191042876309142,0.07942711625969277
86016.jpg,0.10375120090749414,0.23279545099791166,0.11516896804575441,0.06991206912269694
86068.jpg,0.1810127316874392,0.2679637101806954,0.19078835363553612,0.0820147043864117
87046.jpg,0.05894937422040257,0.21559311752785226,0.06716919349959026,0.07285604934760997
89072.jpg,0.07299823460337283,0.22443010491576798,0.09835208890805708,0.07613348691138609
97033.jpg,0.05751689694385608,0.21048607008084666,0.09294408062475598,0.07959284370167186
